USE [LevelUp]
GO
/****** Object:  Table [dbo].[Regla]    Script Date: 10/30/2013 11:33:59 ******/
SET IDENTITY_INSERT [dbo].[Regla] ON
INSERT [dbo].[Regla] ([idRegla], [Descripcion], [fk_idEstadoRegla], [FechaInicio], [FechaFinal], [fk_idCreador], [FechaCreacion], [Nombre]) VALUES (3, N'', 1, CAST(0xC1370B00 AS Date), CAST(0x74B20B00 AS Date), 1, CAST(0xC1370B00 AS Date), N'Condecoracion 1')
INSERT [dbo].[Regla] ([idRegla], [Descripcion], [fk_idEstadoRegla], [FechaInicio], [FechaFinal], [fk_idCreador], [FechaCreacion], [Nombre]) VALUES (4, N'', 1, CAST(0xC1370B00 AS Date), CAST(0x74B20B00 AS Date), 1, CAST(0xC1370B00 AS Date), N'Condecoracion 2')
INSERT [dbo].[Regla] ([idRegla], [Descripcion], [fk_idEstadoRegla], [FechaInicio], [FechaFinal], [fk_idCreador], [FechaCreacion], [Nombre]) VALUES (5, N'', 1, CAST(0xC1370B00 AS Date), CAST(0x74B20B00 AS Date), 1, CAST(0xC1370B00 AS Date), N'Condecoracion 3')
INSERT [dbo].[Regla] ([idRegla], [Descripcion], [fk_idEstadoRegla], [FechaInicio], [FechaFinal], [fk_idCreador], [FechaCreacion], [Nombre]) VALUES (6, N'', 1, CAST(0xC1370B00 AS Date), CAST(0x74B20B00 AS Date), 1, CAST(0xC1370B00 AS Date), N'Condecoracion 4')
INSERT [dbo].[Regla] ([idRegla], [Descripcion], [fk_idEstadoRegla], [FechaInicio], [FechaFinal], [fk_idCreador], [FechaCreacion], [Nombre]) VALUES (7, N'', 1, CAST(0xC1370B00 AS Date), CAST(0x74B20B00 AS Date), 1, CAST(0xC1370B00 AS Date), N'Condecoracion 5')
INSERT [dbo].[Regla] ([idRegla], [Descripcion], [fk_idEstadoRegla], [FechaInicio], [FechaFinal], [fk_idCreador], [FechaCreacion], [Nombre]) VALUES (8, N'', 1, CAST(0xC1370B00 AS Date), CAST(0x74B20B00 AS Date), 1, CAST(0xC1370B00 AS Date), N'Condecoracion 6')
INSERT [dbo].[Regla] ([idRegla], [Descripcion], [fk_idEstadoRegla], [FechaInicio], [FechaFinal], [fk_idCreador], [FechaCreacion], [Nombre]) VALUES (9, N'', 1, CAST(0xC1370B00 AS Date), CAST(0x74B20B00 AS Date), 1, CAST(0xC1370B00 AS Date), N'Condecoracion 7')
INSERT [dbo].[Regla] ([idRegla], [Descripcion], [fk_idEstadoRegla], [FechaInicio], [FechaFinal], [fk_idCreador], [FechaCreacion], [Nombre]) VALUES (10, N'', 1, CAST(0xC1370B00 AS Date), CAST(0x74B20B00 AS Date), 1, CAST(0xC1370B00 AS Date), N'Condecoracion 8')
INSERT [dbo].[Regla] ([idRegla], [Descripcion], [fk_idEstadoRegla], [FechaInicio], [FechaFinal], [fk_idCreador], [FechaCreacion], [Nombre]) VALUES (11, N'', 1, CAST(0xC1370B00 AS Date), CAST(0x74B20B00 AS Date), 1, CAST(0xC1370B00 AS Date), N'Condecoracion 9')
INSERT [dbo].[Regla] ([idRegla], [Descripcion], [fk_idEstadoRegla], [FechaInicio], [FechaFinal], [fk_idCreador], [FechaCreacion], [Nombre]) VALUES (12, N'', 1, CAST(0xC1370B00 AS Date), CAST(0x74B20B00 AS Date), 1, CAST(0xC1370B00 AS Date), N'Condecoracion 10')
INSERT [dbo].[Regla] ([idRegla], [Descripcion], [fk_idEstadoRegla], [FechaInicio], [FechaFinal], [fk_idCreador], [FechaCreacion], [Nombre]) VALUES (13, N'', 1, CAST(0xC1370B00 AS Date), CAST(0x74B20B00 AS Date), 1, CAST(0xC1370B00 AS Date), N'Condecoracion 11')
INSERT [dbo].[Regla] ([idRegla], [Descripcion], [fk_idEstadoRegla], [FechaInicio], [FechaFinal], [fk_idCreador], [FechaCreacion], [Nombre]) VALUES (14, N'', 1, CAST(0xC1370B00 AS Date), CAST(0x74B20B00 AS Date), 1, CAST(0xC1370B00 AS Date), N'Condecoracion 12')
INSERT [dbo].[Regla] ([idRegla], [Descripcion], [fk_idEstadoRegla], [FechaInicio], [FechaFinal], [fk_idCreador], [FechaCreacion], [Nombre]) VALUES (15, N'', 1, CAST(0xC1370B00 AS Date), CAST(0x74B20B00 AS Date), 1, CAST(0xC1370B00 AS Date), N'Condecoracion 13')
INSERT [dbo].[Regla] ([idRegla], [Descripcion], [fk_idEstadoRegla], [FechaInicio], [FechaFinal], [fk_idCreador], [FechaCreacion], [Nombre]) VALUES (16, N'', 1, CAST(0xC1370B00 AS Date), CAST(0x74B20B00 AS Date), 1, CAST(0xC1370B00 AS Date), N'Condecoracion 14')
INSERT [dbo].[Regla] ([idRegla], [Descripcion], [fk_idEstadoRegla], [FechaInicio], [FechaFinal], [fk_idCreador], [FechaCreacion], [Nombre]) VALUES (17, N'', 1, CAST(0xC1370B00 AS Date), CAST(0x74B20B00 AS Date), 1, CAST(0xC1370B00 AS Date), N'Condecoracion 15')
INSERT [dbo].[Regla] ([idRegla], [Descripcion], [fk_idEstadoRegla], [FechaInicio], [FechaFinal], [fk_idCreador], [FechaCreacion], [Nombre]) VALUES (18, N'', 1, CAST(0xC1370B00 AS Date), CAST(0x2F550B00 AS Date), 1, CAST(0xC1370B00 AS Date), N'Bono por aprender portugues')
INSERT [dbo].[Regla] ([idRegla], [Descripcion], [fk_idEstadoRegla], [FechaInicio], [FechaFinal], [fk_idCreador], [FechaCreacion], [Nombre]) VALUES (19, N'Por cursar HTML5 y Ruby on Rails se va para la playa.', 1, CAST(0xC1370B00 AS Date), CAST(0xFB3C0B00 AS Date), 1, CAST(0xC1370B00 AS Date), N'Regla')
INSERT [dbo].[Regla] ([idRegla], [Descripcion], [fk_idEstadoRegla], [FechaInicio], [FechaFinal], [fk_idCreador], [FechaCreacion], [Nombre]) VALUES (20, N'', 1, CAST(0xC2370B00 AS Date), CAST(0xC2370B00 AS Date), 1, CAST(0xC2370B00 AS Date), N'Condecoracion 1')
INSERT [dbo].[Regla] ([idRegla], [Descripcion], [fk_idEstadoRegla], [FechaInicio], [FechaFinal], [fk_idCreador], [FechaCreacion], [Nombre]) VALUES (21, N'', 1, CAST(0xC2370B00 AS Date), CAST(0xC2370B00 AS Date), 1, CAST(0xC2370B00 AS Date), N'Condecoracion 2')
INSERT [dbo].[Regla] ([idRegla], [Descripcion], [fk_idEstadoRegla], [FechaInicio], [FechaFinal], [fk_idCreador], [FechaCreacion], [Nombre]) VALUES (22, N'', 1, CAST(0xC2370B00 AS Date), CAST(0xC2370B00 AS Date), 1, CAST(0xC2370B00 AS Date), N'Condecoracion 3')
INSERT [dbo].[Regla] ([idRegla], [Descripcion], [fk_idEstadoRegla], [FechaInicio], [FechaFinal], [fk_idCreador], [FechaCreacion], [Nombre]) VALUES (23, N'', 1, CAST(0xC2370B00 AS Date), CAST(0xC2370B00 AS Date), 1, CAST(0xC2370B00 AS Date), N'Condecoracion 4')
INSERT [dbo].[Regla] ([idRegla], [Descripcion], [fk_idEstadoRegla], [FechaInicio], [FechaFinal], [fk_idCreador], [FechaCreacion], [Nombre]) VALUES (24, N'', 1, CAST(0xC2370B00 AS Date), CAST(0xC2370B00 AS Date), 1, CAST(0xC2370B00 AS Date), N'Condecoracion 5')
INSERT [dbo].[Regla] ([idRegla], [Descripcion], [fk_idEstadoRegla], [FechaInicio], [FechaFinal], [fk_idCreador], [FechaCreacion], [Nombre]) VALUES (25, N'', 1, CAST(0xC2370B00 AS Date), CAST(0xC2370B00 AS Date), 1, CAST(0xC2370B00 AS Date), N'Condecoracion 6')
INSERT [dbo].[Regla] ([idRegla], [Descripcion], [fk_idEstadoRegla], [FechaInicio], [FechaFinal], [fk_idCreador], [FechaCreacion], [Nombre]) VALUES (26, N'', 1, CAST(0xC2370B00 AS Date), CAST(0xC2370B00 AS Date), 1, CAST(0xC2370B00 AS Date), N'Condecoracion 7')
INSERT [dbo].[Regla] ([idRegla], [Descripcion], [fk_idEstadoRegla], [FechaInicio], [FechaFinal], [fk_idCreador], [FechaCreacion], [Nombre]) VALUES (27, N'', 1, CAST(0xC2370B00 AS Date), CAST(0xC2370B00 AS Date), 1, CAST(0xC2370B00 AS Date), N'Condecoracion 8')
INSERT [dbo].[Regla] ([idRegla], [Descripcion], [fk_idEstadoRegla], [FechaInicio], [FechaFinal], [fk_idCreador], [FechaCreacion], [Nombre]) VALUES (28, N'', 1, CAST(0xC2370B00 AS Date), CAST(0xC2370B00 AS Date), 1, CAST(0xC2370B00 AS Date), N'Condecoracion 9')
INSERT [dbo].[Regla] ([idRegla], [Descripcion], [fk_idEstadoRegla], [FechaInicio], [FechaFinal], [fk_idCreador], [FechaCreacion], [Nombre]) VALUES (29, N'', 1, CAST(0xC2370B00 AS Date), CAST(0xC2370B00 AS Date), 1, CAST(0xC2370B00 AS Date), N'Condecoracion 10')
INSERT [dbo].[Regla] ([idRegla], [Descripcion], [fk_idEstadoRegla], [FechaInicio], [FechaFinal], [fk_idCreador], [FechaCreacion], [Nombre]) VALUES (30, N'', 1, CAST(0xC2370B00 AS Date), CAST(0xC2370B00 AS Date), 1, CAST(0xC2370B00 AS Date), N'Condecoracion 11')
INSERT [dbo].[Regla] ([idRegla], [Descripcion], [fk_idEstadoRegla], [FechaInicio], [FechaFinal], [fk_idCreador], [FechaCreacion], [Nombre]) VALUES (31, N'', 1, CAST(0xC2370B00 AS Date), CAST(0xC2370B00 AS Date), 1, CAST(0xC2370B00 AS Date), N'Condecoracion 12')
INSERT [dbo].[Regla] ([idRegla], [Descripcion], [fk_idEstadoRegla], [FechaInicio], [FechaFinal], [fk_idCreador], [FechaCreacion], [Nombre]) VALUES (32, N'', 1, CAST(0xC2370B00 AS Date), CAST(0xC2370B00 AS Date), 1, CAST(0xC2370B00 AS Date), N'Condecoracion 13')
INSERT [dbo].[Regla] ([idRegla], [Descripcion], [fk_idEstadoRegla], [FechaInicio], [FechaFinal], [fk_idCreador], [FechaCreacion], [Nombre]) VALUES (33, N'', 1, CAST(0xC2370B00 AS Date), CAST(0xC2370B00 AS Date), 1, CAST(0xC2370B00 AS Date), N'Condecoracion 14')
INSERT [dbo].[Regla] ([idRegla], [Descripcion], [fk_idEstadoRegla], [FechaInicio], [FechaFinal], [fk_idCreador], [FechaCreacion], [Nombre]) VALUES (34, N'', 1, CAST(0xC2370B00 AS Date), CAST(0xC2370B00 AS Date), 1, CAST(0xC2370B00 AS Date), N'Condecoracion 15')
INSERT [dbo].[Regla] ([idRegla], [Descripcion], [fk_idEstadoRegla], [FechaInicio], [FechaFinal], [fk_idCreador], [FechaCreacion], [Nombre]) VALUES (35, N'', 1, CAST(0xC2370B00 AS Date), CAST(0xC2370B00 AS Date), 1, CAST(0xC2370B00 AS Date), N'Asociacion')
INSERT [dbo].[Regla] ([idRegla], [Descripcion], [fk_idEstadoRegla], [FechaInicio], [FechaFinal], [fk_idCreador], [FechaCreacion], [Nombre]) VALUES (36, N'', 1, CAST(0xC2370B00 AS Date), CAST(0xC2370B00 AS Date), 1, CAST(0xC2370B00 AS Date), N'Combo1')
INSERT [dbo].[Regla] ([idRegla], [Descripcion], [fk_idEstadoRegla], [FechaInicio], [FechaFinal], [fk_idCreador], [FechaCreacion], [Nombre]) VALUES (37, N'', 1, CAST(0xC2370B00 AS Date), CAST(0xC2370B00 AS Date), 1, CAST(0xC2370B00 AS Date), N'Condecoracion 1')
INSERT [dbo].[Regla] ([idRegla], [Descripcion], [fk_idEstadoRegla], [FechaInicio], [FechaFinal], [fk_idCreador], [FechaCreacion], [Nombre]) VALUES (38, N'', 1, CAST(0xC2370B00 AS Date), CAST(0xC2370B00 AS Date), 1, CAST(0xC2370B00 AS Date), N'Condecoracion 2')
INSERT [dbo].[Regla] ([idRegla], [Descripcion], [fk_idEstadoRegla], [FechaInicio], [FechaFinal], [fk_idCreador], [FechaCreacion], [Nombre]) VALUES (39, N'', 1, CAST(0xC2370B00 AS Date), CAST(0xC2370B00 AS Date), 1, CAST(0xC2370B00 AS Date), N'Condecoracion 3')
INSERT [dbo].[Regla] ([idRegla], [Descripcion], [fk_idEstadoRegla], [FechaInicio], [FechaFinal], [fk_idCreador], [FechaCreacion], [Nombre]) VALUES (40, N'', 1, CAST(0xC2370B00 AS Date), CAST(0xC2370B00 AS Date), 1, CAST(0xC2370B00 AS Date), N'Condecoracion 4')
INSERT [dbo].[Regla] ([idRegla], [Descripcion], [fk_idEstadoRegla], [FechaInicio], [FechaFinal], [fk_idCreador], [FechaCreacion], [Nombre]) VALUES (41, N'', 1, CAST(0xC2370B00 AS Date), CAST(0xC2370B00 AS Date), 1, CAST(0xC2370B00 AS Date), N'Condecoracion 5')
INSERT [dbo].[Regla] ([idRegla], [Descripcion], [fk_idEstadoRegla], [FechaInicio], [FechaFinal], [fk_idCreador], [FechaCreacion], [Nombre]) VALUES (42, N'', 1, CAST(0xC2370B00 AS Date), CAST(0xC2370B00 AS Date), 1, CAST(0xC2370B00 AS Date), N'Condecoracion 6')
INSERT [dbo].[Regla] ([idRegla], [Descripcion], [fk_idEstadoRegla], [FechaInicio], [FechaFinal], [fk_idCreador], [FechaCreacion], [Nombre]) VALUES (43, N'', 1, CAST(0xC2370B00 AS Date), CAST(0xC2370B00 AS Date), 1, CAST(0xC2370B00 AS Date), N'Condecoracion 7')
INSERT [dbo].[Regla] ([idRegla], [Descripcion], [fk_idEstadoRegla], [FechaInicio], [FechaFinal], [fk_idCreador], [FechaCreacion], [Nombre]) VALUES (44, N'', 1, CAST(0xC2370B00 AS Date), CAST(0xC2370B00 AS Date), 1, CAST(0xC2370B00 AS Date), N'Condecoracion 8')
INSERT [dbo].[Regla] ([idRegla], [Descripcion], [fk_idEstadoRegla], [FechaInicio], [FechaFinal], [fk_idCreador], [FechaCreacion], [Nombre]) VALUES (45, N'', 1, CAST(0xC2370B00 AS Date), CAST(0xC2370B00 AS Date), 1, CAST(0xC2370B00 AS Date), N'Condecoracion 9')
INSERT [dbo].[Regla] ([idRegla], [Descripcion], [fk_idEstadoRegla], [FechaInicio], [FechaFinal], [fk_idCreador], [FechaCreacion], [Nombre]) VALUES (46, N'', 1, CAST(0xC2370B00 AS Date), CAST(0xC2370B00 AS Date), 1, CAST(0xC2370B00 AS Date), N'Condecoracion 10')
INSERT [dbo].[Regla] ([idRegla], [Descripcion], [fk_idEstadoRegla], [FechaInicio], [FechaFinal], [fk_idCreador], [FechaCreacion], [Nombre]) VALUES (47, N'', 1, CAST(0xC2370B00 AS Date), CAST(0xC2370B00 AS Date), 1, CAST(0xC2370B00 AS Date), N'Condecoracion 11')
INSERT [dbo].[Regla] ([idRegla], [Descripcion], [fk_idEstadoRegla], [FechaInicio], [FechaFinal], [fk_idCreador], [FechaCreacion], [Nombre]) VALUES (48, N'', 1, CAST(0xC2370B00 AS Date), CAST(0xC2370B00 AS Date), 1, CAST(0xC2370B00 AS Date), N'Condecoracion 12')
INSERT [dbo].[Regla] ([idRegla], [Descripcion], [fk_idEstadoRegla], [FechaInicio], [FechaFinal], [fk_idCreador], [FechaCreacion], [Nombre]) VALUES (49, N'', 1, CAST(0xC2370B00 AS Date), CAST(0xC2370B00 AS Date), 1, CAST(0xC2370B00 AS Date), N'Condecoracion 14')
INSERT [dbo].[Regla] ([idRegla], [Descripcion], [fk_idEstadoRegla], [FechaInicio], [FechaFinal], [fk_idCreador], [FechaCreacion], [Nombre]) VALUES (50, N'', 1, CAST(0xC2370B00 AS Date), CAST(0xC2370B00 AS Date), 1, CAST(0xC2370B00 AS Date), N'Condecoracion 15')
INSERT [dbo].[Regla] ([idRegla], [Descripcion], [fk_idEstadoRegla], [FechaInicio], [FechaFinal], [fk_idCreador], [FechaCreacion], [Nombre]) VALUES (51, N'', 1, CAST(0xC2370B00 AS Date), CAST(0xC2370B00 AS Date), 1, CAST(0xC2370B00 AS Date), N'Regla para viaje')
INSERT [dbo].[Regla] ([idRegla], [Descripcion], [fk_idEstadoRegla], [FechaInicio], [FechaFinal], [fk_idCreador], [FechaCreacion], [Nombre]) VALUES (52, N'', 1, CAST(0xC2370B00 AS Date), CAST(0xC2370B00 AS Date), 1, CAST(0xC2370B00 AS Date), N'Regla para Hotel')
SET IDENTITY_INSERT [dbo].[Regla] OFF
/****** Object:  Table [dbo].[ReglasPorDepartamento]    Script Date: 10/30/2013 11:33:59 ******/
INSERT [dbo].[ReglasPorDepartamento] ([fk_idRegla], [fk_idDepartamento]) VALUES (3, 2)
INSERT [dbo].[ReglasPorDepartamento] ([fk_idRegla], [fk_idDepartamento]) VALUES (4, 2)
INSERT [dbo].[ReglasPorDepartamento] ([fk_idRegla], [fk_idDepartamento]) VALUES (21, 1)
INSERT [dbo].[ReglasPorDepartamento] ([fk_idRegla], [fk_idDepartamento]) VALUES (22, 1)
INSERT [dbo].[ReglasPorDepartamento] ([fk_idRegla], [fk_idDepartamento]) VALUES (23, 1)
INSERT [dbo].[ReglasPorDepartamento] ([fk_idRegla], [fk_idDepartamento]) VALUES (24, 1)
INSERT [dbo].[ReglasPorDepartamento] ([fk_idRegla], [fk_idDepartamento]) VALUES (25, 1)
INSERT [dbo].[ReglasPorDepartamento] ([fk_idRegla], [fk_idDepartamento]) VALUES (26, 1)
INSERT [dbo].[ReglasPorDepartamento] ([fk_idRegla], [fk_idDepartamento]) VALUES (27, 1)
INSERT [dbo].[ReglasPorDepartamento] ([fk_idRegla], [fk_idDepartamento]) VALUES (28, 1)
INSERT [dbo].[ReglasPorDepartamento] ([fk_idRegla], [fk_idDepartamento]) VALUES (29, 1)
INSERT [dbo].[ReglasPorDepartamento] ([fk_idRegla], [fk_idDepartamento]) VALUES (30, 1)
INSERT [dbo].[ReglasPorDepartamento] ([fk_idRegla], [fk_idDepartamento]) VALUES (31, 1)
INSERT [dbo].[ReglasPorDepartamento] ([fk_idRegla], [fk_idDepartamento]) VALUES (37, 3)
INSERT [dbo].[ReglasPorDepartamento] ([fk_idRegla], [fk_idDepartamento]) VALUES (38, 3)
INSERT [dbo].[ReglasPorDepartamento] ([fk_idRegla], [fk_idDepartamento]) VALUES (39, 3)
INSERT [dbo].[ReglasPorDepartamento] ([fk_idRegla], [fk_idDepartamento]) VALUES (40, 3)
INSERT [dbo].[ReglasPorDepartamento] ([fk_idRegla], [fk_idDepartamento]) VALUES (41, 3)
INSERT [dbo].[ReglasPorDepartamento] ([fk_idRegla], [fk_idDepartamento]) VALUES (45, 3)
INSERT [dbo].[ReglasPorDepartamento] ([fk_idRegla], [fk_idDepartamento]) VALUES (46, 3)
INSERT [dbo].[ReglasPorDepartamento] ([fk_idRegla], [fk_idDepartamento]) VALUES (47, 3)
INSERT [dbo].[ReglasPorDepartamento] ([fk_idRegla], [fk_idDepartamento]) VALUES (48, 3)
INSERT [dbo].[ReglasPorDepartamento] ([fk_idRegla], [fk_idDepartamento]) VALUES (50, 3)
INSERT [dbo].[ReglasPorDepartamento] ([fk_idRegla], [fk_idDepartamento]) VALUES (51, 3)
INSERT [dbo].[ReglasPorDepartamento] ([fk_idRegla], [fk_idDepartamento]) VALUES (52, 3)
INSERT [dbo].[ReglasPorDepartamento] ([fk_idRegla], [fk_idDepartamento]) VALUES (5, 2)
INSERT [dbo].[ReglasPorDepartamento] ([fk_idRegla], [fk_idDepartamento]) VALUES (20, 1)
INSERT [dbo].[ReglasPorDepartamento] ([fk_idRegla], [fk_idDepartamento]) VALUES (6, 2)
INSERT [dbo].[ReglasPorDepartamento] ([fk_idRegla], [fk_idDepartamento]) VALUES (12, 2)
INSERT [dbo].[ReglasPorDepartamento] ([fk_idRegla], [fk_idDepartamento]) VALUES (13, 2)
INSERT [dbo].[ReglasPorDepartamento] ([fk_idRegla], [fk_idDepartamento]) VALUES (14, 2)
INSERT [dbo].[ReglasPorDepartamento] ([fk_idRegla], [fk_idDepartamento]) VALUES (15, 2)
INSERT [dbo].[ReglasPorDepartamento] ([fk_idRegla], [fk_idDepartamento]) VALUES (16, 2)
INSERT [dbo].[ReglasPorDepartamento] ([fk_idRegla], [fk_idDepartamento]) VALUES (17, 2)
INSERT [dbo].[ReglasPorDepartamento] ([fk_idRegla], [fk_idDepartamento]) VALUES (7, 2)
INSERT [dbo].[ReglasPorDepartamento] ([fk_idRegla], [fk_idDepartamento]) VALUES (8, 2)
INSERT [dbo].[ReglasPorDepartamento] ([fk_idRegla], [fk_idDepartamento]) VALUES (9, 2)
INSERT [dbo].[ReglasPorDepartamento] ([fk_idRegla], [fk_idDepartamento]) VALUES (10, 2)
INSERT [dbo].[ReglasPorDepartamento] ([fk_idRegla], [fk_idDepartamento]) VALUES (11, 2)
INSERT [dbo].[ReglasPorDepartamento] ([fk_idRegla], [fk_idDepartamento]) VALUES (18, 2)
INSERT [dbo].[ReglasPorDepartamento] ([fk_idRegla], [fk_idDepartamento]) VALUES (19, 2)
INSERT [dbo].[ReglasPorDepartamento] ([fk_idRegla], [fk_idDepartamento]) VALUES (32, 1)
INSERT [dbo].[ReglasPorDepartamento] ([fk_idRegla], [fk_idDepartamento]) VALUES (33, 1)
INSERT [dbo].[ReglasPorDepartamento] ([fk_idRegla], [fk_idDepartamento]) VALUES (34, 1)
INSERT [dbo].[ReglasPorDepartamento] ([fk_idRegla], [fk_idDepartamento]) VALUES (35, 1)
INSERT [dbo].[ReglasPorDepartamento] ([fk_idRegla], [fk_idDepartamento]) VALUES (36, 1)
INSERT [dbo].[ReglasPorDepartamento] ([fk_idRegla], [fk_idDepartamento]) VALUES (42, 3)
INSERT [dbo].[ReglasPorDepartamento] ([fk_idRegla], [fk_idDepartamento]) VALUES (43, 3)
INSERT [dbo].[ReglasPorDepartamento] ([fk_idRegla], [fk_idDepartamento]) VALUES (44, 3)
INSERT [dbo].[ReglasPorDepartamento] ([fk_idRegla], [fk_idDepartamento]) VALUES (49, 3)
/****** Object:  Table [dbo].[PremiosPorRegla]    Script Date: 10/30/2013 11:33:59 ******/
INSERT [dbo].[PremiosPorRegla] ([fk_idPremio], [fk_idRegla]) VALUES (92, 24)
INSERT [dbo].[PremiosPorRegla] ([fk_idPremio], [fk_idRegla]) VALUES (87, 25)
INSERT [dbo].[PremiosPorRegla] ([fk_idPremio], [fk_idRegla]) VALUES (85, 26)
INSERT [dbo].[PremiosPorRegla] ([fk_idPremio], [fk_idRegla]) VALUES (88, 27)
INSERT [dbo].[PremiosPorRegla] ([fk_idPremio], [fk_idRegla]) VALUES (86, 28)
INSERT [dbo].[PremiosPorRegla] ([fk_idPremio], [fk_idRegla]) VALUES (82, 29)
INSERT [dbo].[PremiosPorRegla] ([fk_idPremio], [fk_idRegla]) VALUES (83, 30)
INSERT [dbo].[PremiosPorRegla] ([fk_idPremio], [fk_idRegla]) VALUES (84, 31)
INSERT [dbo].[PremiosPorRegla] ([fk_idPremio], [fk_idRegla]) VALUES (94, 32)
INSERT [dbo].[PremiosPorRegla] ([fk_idPremio], [fk_idRegla]) VALUES (95, 33)
INSERT [dbo].[PremiosPorRegla] ([fk_idPremio], [fk_idRegla]) VALUES (93, 34)
INSERT [dbo].[PremiosPorRegla] ([fk_idPremio], [fk_idRegla]) VALUES (1, 35)
INSERT [dbo].[PremiosPorRegla] ([fk_idPremio], [fk_idRegla]) VALUES (39, 36)
INSERT [dbo].[PremiosPorRegla] ([fk_idPremio], [fk_idRegla]) VALUES (66, 37)
INSERT [dbo].[PremiosPorRegla] ([fk_idPremio], [fk_idRegla]) VALUES (67, 38)
INSERT [dbo].[PremiosPorRegla] ([fk_idPremio], [fk_idRegla]) VALUES (68, 39)
INSERT [dbo].[PremiosPorRegla] ([fk_idPremio], [fk_idRegla]) VALUES (69, 40)
INSERT [dbo].[PremiosPorRegla] ([fk_idPremio], [fk_idRegla]) VALUES (70, 41)
INSERT [dbo].[PremiosPorRegla] ([fk_idPremio], [fk_idRegla]) VALUES (74, 45)
INSERT [dbo].[PremiosPorRegla] ([fk_idPremio], [fk_idRegla]) VALUES (75, 46)
INSERT [dbo].[PremiosPorRegla] ([fk_idPremio], [fk_idRegla]) VALUES (76, 47)
INSERT [dbo].[PremiosPorRegla] ([fk_idPremio], [fk_idRegla]) VALUES (77, 48)
INSERT [dbo].[PremiosPorRegla] ([fk_idPremio], [fk_idRegla]) VALUES (79, 49)
INSERT [dbo].[PremiosPorRegla] ([fk_idPremio], [fk_idRegla]) VALUES (57, 9)
INSERT [dbo].[PremiosPorRegla] ([fk_idPremio], [fk_idRegla]) VALUES (51, 3)
INSERT [dbo].[PremiosPorRegla] ([fk_idPremio], [fk_idRegla]) VALUES (59, 11)
INSERT [dbo].[PremiosPorRegla] ([fk_idPremio], [fk_idRegla]) VALUES (64, 16)
INSERT [dbo].[PremiosPorRegla] ([fk_idPremio], [fk_idRegla]) VALUES (58, 10)
INSERT [dbo].[PremiosPorRegla] ([fk_idPremio], [fk_idRegla]) VALUES (52, 4)
INSERT [dbo].[PremiosPorRegla] ([fk_idPremio], [fk_idRegla]) VALUES (53, 5)
INSERT [dbo].[PremiosPorRegla] ([fk_idPremio], [fk_idRegla]) VALUES (54, 6)
INSERT [dbo].[PremiosPorRegla] ([fk_idPremio], [fk_idRegla]) VALUES (55, 7)
INSERT [dbo].[PremiosPorRegla] ([fk_idPremio], [fk_idRegla]) VALUES (56, 8)
INSERT [dbo].[PremiosPorRegla] ([fk_idPremio], [fk_idRegla]) VALUES (61, 13)
INSERT [dbo].[PremiosPorRegla] ([fk_idPremio], [fk_idRegla]) VALUES (61, 12)
INSERT [dbo].[PremiosPorRegla] ([fk_idPremio], [fk_idRegla]) VALUES (62, 14)
INSERT [dbo].[PremiosPorRegla] ([fk_idPremio], [fk_idRegla]) VALUES (63, 15)
INSERT [dbo].[PremiosPorRegla] ([fk_idPremio], [fk_idRegla]) VALUES (65, 17)
INSERT [dbo].[PremiosPorRegla] ([fk_idPremio], [fk_idRegla]) VALUES (5, 18)
INSERT [dbo].[PremiosPorRegla] ([fk_idPremio], [fk_idRegla]) VALUES (1, 19)
INSERT [dbo].[PremiosPorRegla] ([fk_idPremio], [fk_idRegla]) VALUES (71, 42)
INSERT [dbo].[PremiosPorRegla] ([fk_idPremio], [fk_idRegla]) VALUES (72, 43)
INSERT [dbo].[PremiosPorRegla] ([fk_idPremio], [fk_idRegla]) VALUES (73, 44)
INSERT [dbo].[PremiosPorRegla] ([fk_idPremio], [fk_idRegla]) VALUES (79, 50)
INSERT [dbo].[PremiosPorRegla] ([fk_idPremio], [fk_idRegla]) VALUES (41, 51)
INSERT [dbo].[PremiosPorRegla] ([fk_idPremio], [fk_idRegla]) VALUES (1, 52)
INSERT [dbo].[PremiosPorRegla] ([fk_idPremio], [fk_idRegla]) VALUES (81, 20)
INSERT [dbo].[PremiosPorRegla] ([fk_idPremio], [fk_idRegla]) VALUES (89, 21)
INSERT [dbo].[PremiosPorRegla] ([fk_idPremio], [fk_idRegla]) VALUES (90, 22)
INSERT [dbo].[PremiosPorRegla] ([fk_idPremio], [fk_idRegla]) VALUES (91, 23)
/****** Object:  Table [dbo].[LogrosPorRegla]    Script Date: 10/30/2013 11:33:59 ******/
INSERT [dbo].[LogrosPorRegla] ([fk_Logro], [Cantidad], [fk_idRegla], [fk_idCreador], [FechaCreacion]) VALUES (20, 1, 24, 1, CAST(0xC2370B00 AS Date))
INSERT [dbo].[LogrosPorRegla] ([fk_Logro], [Cantidad], [fk_idRegla], [fk_idCreador], [FechaCreacion]) VALUES (22, 1, 25, 1, CAST(0xC2370B00 AS Date))
INSERT [dbo].[LogrosPorRegla] ([fk_Logro], [Cantidad], [fk_idRegla], [fk_idCreador], [FechaCreacion]) VALUES (22, 1, 26, 1, CAST(0xC2370B00 AS Date))
INSERT [dbo].[LogrosPorRegla] ([fk_Logro], [Cantidad], [fk_idRegla], [fk_idCreador], [FechaCreacion]) VALUES (23, 1, 27, 1, CAST(0xC2370B00 AS Date))
INSERT [dbo].[LogrosPorRegla] ([fk_Logro], [Cantidad], [fk_idRegla], [fk_idCreador], [FechaCreacion]) VALUES (24, 1, 28, 1, CAST(0xC2370B00 AS Date))
INSERT [dbo].[LogrosPorRegla] ([fk_Logro], [Cantidad], [fk_idRegla], [fk_idCreador], [FechaCreacion]) VALUES (25, 1, 29, 1, CAST(0xC2370B00 AS Date))
INSERT [dbo].[LogrosPorRegla] ([fk_Logro], [Cantidad], [fk_idRegla], [fk_idCreador], [FechaCreacion]) VALUES (26, 1, 30, 1, CAST(0xC2370B00 AS Date))
INSERT [dbo].[LogrosPorRegla] ([fk_Logro], [Cantidad], [fk_idRegla], [fk_idCreador], [FechaCreacion]) VALUES (27, 1, 31, 1, CAST(0xC2370B00 AS Date))
INSERT [dbo].[LogrosPorRegla] ([fk_Logro], [Cantidad], [fk_idRegla], [fk_idCreador], [FechaCreacion]) VALUES (28, 1, 32, 1, CAST(0xC2370B00 AS Date))
INSERT [dbo].[LogrosPorRegla] ([fk_Logro], [Cantidad], [fk_idRegla], [fk_idCreador], [FechaCreacion]) VALUES (29, 1, 33, 1, CAST(0xC2370B00 AS Date))
INSERT [dbo].[LogrosPorRegla] ([fk_Logro], [Cantidad], [fk_idRegla], [fk_idCreador], [FechaCreacion]) VALUES (30, 1, 34, 1, CAST(0xC2370B00 AS Date))
INSERT [dbo].[LogrosPorRegla] ([fk_Logro], [Cantidad], [fk_idRegla], [fk_idCreador], [FechaCreacion]) VALUES (11, 1, 35, 1, CAST(0xC2370B00 AS Date))
INSERT [dbo].[LogrosPorRegla] ([fk_Logro], [Cantidad], [fk_idRegla], [fk_idCreador], [FechaCreacion]) VALUES (3, 1, 36, 1, CAST(0xC2370B00 AS Date))
INSERT [dbo].[LogrosPorRegla] ([fk_Logro], [Cantidad], [fk_idRegla], [fk_idCreador], [FechaCreacion]) VALUES (4, 1, 36, 1, CAST(0xC2370B00 AS Date))
INSERT [dbo].[LogrosPorRegla] ([fk_Logro], [Cantidad], [fk_idRegla], [fk_idCreador], [FechaCreacion]) VALUES (16, 1, 37, 1, CAST(0xC2370B00 AS Date))
INSERT [dbo].[LogrosPorRegla] ([fk_Logro], [Cantidad], [fk_idRegla], [fk_idCreador], [FechaCreacion]) VALUES (17, 1, 38, 1, CAST(0xC2370B00 AS Date))
INSERT [dbo].[LogrosPorRegla] ([fk_Logro], [Cantidad], [fk_idRegla], [fk_idCreador], [FechaCreacion]) VALUES (18, 1, 39, 1, CAST(0xC2370B00 AS Date))
INSERT [dbo].[LogrosPorRegla] ([fk_Logro], [Cantidad], [fk_idRegla], [fk_idCreador], [FechaCreacion]) VALUES (19, 1, 40, 1, CAST(0xC2370B00 AS Date))
INSERT [dbo].[LogrosPorRegla] ([fk_Logro], [Cantidad], [fk_idRegla], [fk_idCreador], [FechaCreacion]) VALUES (20, 1, 41, 1, CAST(0xC2370B00 AS Date))
INSERT [dbo].[LogrosPorRegla] ([fk_Logro], [Cantidad], [fk_idRegla], [fk_idCreador], [FechaCreacion]) VALUES (24, 1, 45, 1, CAST(0xC2370B00 AS Date))
INSERT [dbo].[LogrosPorRegla] ([fk_Logro], [Cantidad], [fk_idRegla], [fk_idCreador], [FechaCreacion]) VALUES (25, 1, 46, 1, CAST(0xC2370B00 AS Date))
INSERT [dbo].[LogrosPorRegla] ([fk_Logro], [Cantidad], [fk_idRegla], [fk_idCreador], [FechaCreacion]) VALUES (26, 1, 47, 1, CAST(0xC2370B00 AS Date))
INSERT [dbo].[LogrosPorRegla] ([fk_Logro], [Cantidad], [fk_idRegla], [fk_idCreador], [FechaCreacion]) VALUES (27, 1, 48, 1, CAST(0xC2370B00 AS Date))
INSERT [dbo].[LogrosPorRegla] ([fk_Logro], [Cantidad], [fk_idRegla], [fk_idCreador], [FechaCreacion]) VALUES (29, 1, 49, 1, CAST(0xC2370B00 AS Date))
INSERT [dbo].[LogrosPorRegla] ([fk_Logro], [Cantidad], [fk_idRegla], [fk_idCreador], [FechaCreacion]) VALUES (22, 1, 9, 1, CAST(0xC1370B00 AS Date))
INSERT [dbo].[LogrosPorRegla] ([fk_Logro], [Cantidad], [fk_idRegla], [fk_idCreador], [FechaCreacion]) VALUES (16, 1, 3, 1, CAST(0xC1370B00 AS Date))
INSERT [dbo].[LogrosPorRegla] ([fk_Logro], [Cantidad], [fk_idRegla], [fk_idCreador], [FechaCreacion]) VALUES (24, 1, 11, 1, CAST(0xC1370B00 AS Date))
INSERT [dbo].[LogrosPorRegla] ([fk_Logro], [Cantidad], [fk_idRegla], [fk_idCreador], [FechaCreacion]) VALUES (29, 1, 16, 1, CAST(0xC1370B00 AS Date))
INSERT [dbo].[LogrosPorRegla] ([fk_Logro], [Cantidad], [fk_idRegla], [fk_idCreador], [FechaCreacion]) VALUES (23, 1, 10, 1, CAST(0xC1370B00 AS Date))
INSERT [dbo].[LogrosPorRegla] ([fk_Logro], [Cantidad], [fk_idRegla], [fk_idCreador], [FechaCreacion]) VALUES (17, 1, 4, 1, CAST(0xC1370B00 AS Date))
INSERT [dbo].[LogrosPorRegla] ([fk_Logro], [Cantidad], [fk_idRegla], [fk_idCreador], [FechaCreacion]) VALUES (18, 1, 5, 1, CAST(0xC1370B00 AS Date))
INSERT [dbo].[LogrosPorRegla] ([fk_Logro], [Cantidad], [fk_idRegla], [fk_idCreador], [FechaCreacion]) VALUES (19, 1, 6, 1, CAST(0xC1370B00 AS Date))
INSERT [dbo].[LogrosPorRegla] ([fk_Logro], [Cantidad], [fk_idRegla], [fk_idCreador], [FechaCreacion]) VALUES (20, 1, 7, 1, CAST(0xC1370B00 AS Date))
INSERT [dbo].[LogrosPorRegla] ([fk_Logro], [Cantidad], [fk_idRegla], [fk_idCreador], [FechaCreacion]) VALUES (21, 1, 8, 1, CAST(0xC1370B00 AS Date))
INSERT [dbo].[LogrosPorRegla] ([fk_Logro], [Cantidad], [fk_idRegla], [fk_idCreador], [FechaCreacion]) VALUES (26, 1, 13, 1, CAST(0xC1370B00 AS Date))
INSERT [dbo].[LogrosPorRegla] ([fk_Logro], [Cantidad], [fk_idRegla], [fk_idCreador], [FechaCreacion]) VALUES (25, 1, 12, 1, CAST(0xC1370B00 AS Date))
INSERT [dbo].[LogrosPorRegla] ([fk_Logro], [Cantidad], [fk_idRegla], [fk_idCreador], [FechaCreacion]) VALUES (27, 1, 14, 1, CAST(0xC1370B00 AS Date))
INSERT [dbo].[LogrosPorRegla] ([fk_Logro], [Cantidad], [fk_idRegla], [fk_idCreador], [FechaCreacion]) VALUES (28, 1, 15, 1, CAST(0xC1370B00 AS Date))
INSERT [dbo].[LogrosPorRegla] ([fk_Logro], [Cantidad], [fk_idRegla], [fk_idCreador], [FechaCreacion]) VALUES (30, 1, 17, 1, CAST(0xC1370B00 AS Date))
INSERT [dbo].[LogrosPorRegla] ([fk_Logro], [Cantidad], [fk_idRegla], [fk_idCreador], [FechaCreacion]) VALUES (1, 1, 18, 1, CAST(0xC1370B00 AS Date))
INSERT [dbo].[LogrosPorRegla] ([fk_Logro], [Cantidad], [fk_idRegla], [fk_idCreador], [FechaCreacion]) VALUES (9, 1, 19, 1, CAST(0xC1370B00 AS Date))
INSERT [dbo].[LogrosPorRegla] ([fk_Logro], [Cantidad], [fk_idRegla], [fk_idCreador], [FechaCreacion]) VALUES (5, 1, 19, 1, CAST(0xC1370B00 AS Date))
INSERT [dbo].[LogrosPorRegla] ([fk_Logro], [Cantidad], [fk_idRegla], [fk_idCreador], [FechaCreacion]) VALUES (21, 1, 42, 1, CAST(0xC2370B00 AS Date))
INSERT [dbo].[LogrosPorRegla] ([fk_Logro], [Cantidad], [fk_idRegla], [fk_idCreador], [FechaCreacion]) VALUES (22, 1, 43, 1, CAST(0xC2370B00 AS Date))
INSERT [dbo].[LogrosPorRegla] ([fk_Logro], [Cantidad], [fk_idRegla], [fk_idCreador], [FechaCreacion]) VALUES (23, 1, 44, 1, CAST(0xC2370B00 AS Date))
INSERT [dbo].[LogrosPorRegla] ([fk_Logro], [Cantidad], [fk_idRegla], [fk_idCreador], [FechaCreacion]) VALUES (30, 1, 50, 1, CAST(0xC2370B00 AS Date))
INSERT [dbo].[LogrosPorRegla] ([fk_Logro], [Cantidad], [fk_idRegla], [fk_idCreador], [FechaCreacion]) VALUES (3, 1, 51, 1, CAST(0xC2370B00 AS Date))
INSERT [dbo].[LogrosPorRegla] ([fk_Logro], [Cantidad], [fk_idRegla], [fk_idCreador], [FechaCreacion]) VALUES (12, 1, 52, 1, CAST(0xC2370B00 AS Date))
INSERT [dbo].[LogrosPorRegla] ([fk_Logro], [Cantidad], [fk_idRegla], [fk_idCreador], [FechaCreacion]) VALUES (16, 1, 20, 1, CAST(0xC2370B00 AS Date))
INSERT [dbo].[LogrosPorRegla] ([fk_Logro], [Cantidad], [fk_idRegla], [fk_idCreador], [FechaCreacion]) VALUES (17, 1, 21, 1, CAST(0xC2370B00 AS Date))
INSERT [dbo].[LogrosPorRegla] ([fk_Logro], [Cantidad], [fk_idRegla], [fk_idCreador], [FechaCreacion]) VALUES (18, 1, 22, 1, CAST(0xC2370B00 AS Date))
INSERT [dbo].[LogrosPorRegla] ([fk_Logro], [Cantidad], [fk_idRegla], [fk_idCreador], [FechaCreacion]) VALUES (19, 1, 23, 1, CAST(0xC2370B00 AS Date))
